family,benchmark
acas,ACASXU_experimental_v2a_1_1%%property1
acas,ACASXU_experimental_v2a_1_1%%property2
acas,ACASXU_experimental_v2a_1_1%%property3
acas,ACASXU_experimental_v2a_1_1%%property4
acas,ACASXU_experimental_v2a_1_2%%property1
acas,ACASXU_experimental_v2a_1_2%%property2
acas,ACASXU_experimental_v2a_1_2%%property3
acas,ACASXU_experimental_v2a_1_2%%property4
acas,ACASXU_experimental_v2a_1_3%%property1
acas,ACASXU_experimental_v2a_1_3%%property2
acas,ACASXU_experimental_v2a_1_3%%property3
acas,ACASXU_experimental_v2a_1_3%%property4
acas,ACASXU_experimental_v2a_1_4%%property1
acas,ACASXU_experimental_v2a_1_4%%property2
acas,ACASXU_experimental_v2a_1_4%%property3
acas,ACASXU_experimental_v2a_1_4%%property4
acas,ACASXU_experimental_v2a_1_5%%property1
acas,ACASXU_experimental_v2a_1_5%%property2
acas,ACASXU_experimental_v2a_1_5%%property3
acas,ACASXU_experimental_v2a_1_5%%property4
acas,ACASXU_experimental_v2a_1_6%%property1
acas,ACASXU_experimental_v2a_1_6%%property2
acas,ACASXU_experimental_v2a_1_6%%property3
acas,ACASXU_experimental_v2a_1_6%%property4
acas,ACASXU_experimental_v2a_1_7%%property1
acas,ACASXU_experimental_v2a_1_7%%property2
acas,ACASXU_experimental_v2a_1_7%%property3
acas,ACASXU_experimental_v2a_1_7%%property4
acas,ACASXU_experimental_v2a_1_8%%property1
acas,ACASXU_experimental_v2a_1_8%%property2
acas,ACASXU_experimental_v2a_1_8%%property3
acas,ACASXU_experimental_v2a_1_8%%property4
acas,ACASXU_experimental_v2a_1_9%%property1
acas,ACASXU_experimental_v2a_1_9%%property2
acas,ACASXU_experimental_v2a_1_9%%property3
acas,ACASXU_experimental_v2a_1_9%%property4
acas,ACASXU_experimental_v2a_2_1%%property1
acas,ACASXU_experimental_v2a_2_1%%property2
acas,ACASXU_experimental_v2a_2_1%%property3
acas,ACASXU_experimental_v2a_2_1%%property4
acas,ACASXU_experimental_v2a_2_2%%property1
acas,ACASXU_experimental_v2a_2_2%%property2
acas,ACASXU_experimental_v2a_2_2%%property3
acas,ACASXU_experimental_v2a_2_2%%property4
acas,ACASXU_experimental_v2a_2_3%%property1
acas,ACASXU_experimental_v2a_2_3%%property2
acas,ACASXU_experimental_v2a_2_3%%property3
acas,ACASXU_experimental_v2a_2_3%%property4
acas,ACASXU_experimental_v2a_2_4%%property1
acas,ACASXU_experimental_v2a_2_4%%property2
acas,ACASXU_experimental_v2a_2_4%%property3
acas,ACASXU_experimental_v2a_2_4%%property4
acas,ACASXU_experimental_v2a_2_5%%property1
acas,ACASXU_experimental_v2a_2_5%%property2
acas,ACASXU_experimental_v2a_2_5%%property3
acas,ACASXU_experimental_v2a_2_5%%property4
acas,ACASXU_experimental_v2a_2_6%%property1
acas,ACASXU_experimental_v2a_2_6%%property2
acas,ACASXU_experimental_v2a_2_6%%property3
acas,ACASXU_experimental_v2a_2_6%%property4
acas,ACASXU_experimental_v2a_2_7%%property1
acas,ACASXU_experimental_v2a_2_7%%property2
acas,ACASXU_experimental_v2a_2_7%%property3
acas,ACASXU_experimental_v2a_2_7%%property4
acas,ACASXU_experimental_v2a_2_8%%property1
acas,ACASXU_experimental_v2a_2_8%%property2
acas,ACASXU_experimental_v2a_2_8%%property3
acas,ACASXU_experimental_v2a_2_8%%property4
acas,ACASXU_experimental_v2a_2_9%%property1
acas,ACASXU_experimental_v2a_2_9%%property2
acas,ACASXU_experimental_v2a_2_9%%property3
acas,ACASXU_experimental_v2a_2_9%%property4
acas,ACASXU_experimental_v2a_3_1%%property1
acas,ACASXU_experimental_v2a_3_1%%property2
acas,ACASXU_experimental_v2a_3_1%%property3
acas,ACASXU_experimental_v2a_3_1%%property4
acas,ACASXU_experimental_v2a_3_2%%property1
acas,ACASXU_experimental_v2a_3_2%%property2
acas,ACASXU_experimental_v2a_3_2%%property3
acas,ACASXU_experimental_v2a_3_2%%property4
acas,ACASXU_experimental_v2a_3_3%%property1
acas,ACASXU_experimental_v2a_3_3%%property2
acas,ACASXU_experimental_v2a_3_3%%property3
acas,ACASXU_experimental_v2a_3_3%%property4
acas,ACASXU_experimental_v2a_3_4%%property1
acas,ACASXU_experimental_v2a_3_4%%property2
acas,ACASXU_experimental_v2a_3_4%%property3
acas,ACASXU_experimental_v2a_3_4%%property4
acas,ACASXU_experimental_v2a_3_5%%property1
acas,ACASXU_experimental_v2a_3_5%%property2
acas,ACASXU_experimental_v2a_3_5%%property3
acas,ACASXU_experimental_v2a_3_5%%property4
acas,ACASXU_experimental_v2a_3_6%%property1
acas,ACASXU_experimental_v2a_3_6%%property2
acas,ACASXU_experimental_v2a_3_6%%property3
acas,ACASXU_experimental_v2a_3_6%%property4
acas,ACASXU_experimental_v2a_3_7%%property1
acas,ACASXU_experimental_v2a_3_7%%property2
acas,ACASXU_experimental_v2a_3_7%%property3
acas,ACASXU_experimental_v2a_3_7%%property4
acas,ACASXU_experimental_v2a_3_8%%property1
acas,ACASXU_experimental_v2a_3_8%%property2
acas,ACASXU_experimental_v2a_3_8%%property3
acas,ACASXU_experimental_v2a_3_8%%property4
acas,ACASXU_experimental_v2a_3_9%%property1
acas,ACASXU_experimental_v2a_3_9%%property2
acas,ACASXU_experimental_v2a_3_9%%property3
acas,ACASXU_experimental_v2a_3_9%%property4
acas,ACASXU_experimental_v2a_4_1%%property1
acas,ACASXU_experimental_v2a_4_1%%property2
acas,ACASXU_experimental_v2a_4_1%%property3
acas,ACASXU_experimental_v2a_4_1%%property4
acas,ACASXU_experimental_v2a_4_2%%property1
acas,ACASXU_experimental_v2a_4_2%%property2
acas,ACASXU_experimental_v2a_4_2%%property3
acas,ACASXU_experimental_v2a_4_2%%property4
acas,ACASXU_experimental_v2a_4_3%%property1
acas,ACASXU_experimental_v2a_4_3%%property2
acas,ACASXU_experimental_v2a_4_3%%property3
acas,ACASXU_experimental_v2a_4_3%%property4
acas,ACASXU_experimental_v2a_4_4%%property1
acas,ACASXU_experimental_v2a_4_4%%property2
acas,ACASXU_experimental_v2a_4_4%%property3
acas,ACASXU_experimental_v2a_4_4%%property4
acas,ACASXU_experimental_v2a_4_5%%property1
acas,ACASXU_experimental_v2a_4_5%%property2
acas,ACASXU_experimental_v2a_4_5%%property3
acas,ACASXU_experimental_v2a_4_5%%property4
acas,ACASXU_experimental_v2a_4_6%%property1
acas,ACASXU_experimental_v2a_4_6%%property2
acas,ACASXU_experimental_v2a_4_6%%property3
acas,ACASXU_experimental_v2a_4_6%%property4
acas,ACASXU_experimental_v2a_4_7%%property1
acas,ACASXU_experimental_v2a_4_7%%property2
acas,ACASXU_experimental_v2a_4_7%%property3
acas,ACASXU_experimental_v2a_4_7%%property4
acas,ACASXU_experimental_v2a_4_8%%property1
acas,ACASXU_experimental_v2a_4_8%%property2
acas,ACASXU_experimental_v2a_4_8%%property3
acas,ACASXU_experimental_v2a_4_8%%property4
acas,ACASXU_experimental_v2a_4_9%%property1
acas,ACASXU_experimental_v2a_4_9%%property2
acas,ACASXU_experimental_v2a_4_9%%property3
acas,ACASXU_experimental_v2a_4_9%%property4
acas,ACASXU_experimental_v2a_5_1%%property1
acas,ACASXU_experimental_v2a_5_1%%property2
acas,ACASXU_experimental_v2a_5_1%%property3
acas,ACASXU_experimental_v2a_5_1%%property4
acas,ACASXU_experimental_v2a_5_2%%property1
acas,ACASXU_experimental_v2a_5_2%%property2
acas,ACASXU_experimental_v2a_5_2%%property3
acas,ACASXU_experimental_v2a_5_2%%property4
acas,ACASXU_experimental_v2a_5_3%%property1
acas,ACASXU_experimental_v2a_5_3%%property2
acas,ACASXU_experimental_v2a_5_3%%property3
acas,ACASXU_experimental_v2a_5_3%%property4
acas,ACASXU_experimental_v2a_5_4%%property1
acas,ACASXU_experimental_v2a_5_4%%property2
acas,ACASXU_experimental_v2a_5_4%%property3
acas,ACASXU_experimental_v2a_5_4%%property4
acas,ACASXU_experimental_v2a_5_5%%property1
acas,ACASXU_experimental_v2a_5_5%%property2
acas,ACASXU_experimental_v2a_5_5%%property3
acas,ACASXU_experimental_v2a_5_5%%property4
acas,ACASXU_experimental_v2a_5_6%%property1
acas,ACASXU_experimental_v2a_5_6%%property2
acas,ACASXU_experimental_v2a_5_6%%property3
acas,ACASXU_experimental_v2a_5_6%%property4
acas,ACASXU_experimental_v2a_5_7%%property1
acas,ACASXU_experimental_v2a_5_7%%property2
acas,ACASXU_experimental_v2a_5_7%%property3
acas,ACASXU_experimental_v2a_5_7%%property4
acas,ACASXU_experimental_v2a_5_8%%property1
acas,ACASXU_experimental_v2a_5_8%%property2
acas,ACASXU_experimental_v2a_5_8%%property3
acas,ACASXU_experimental_v2a_5_8%%property4
acas,ACASXU_experimental_v2a_5_9%%property1
acas,ACASXU_experimental_v2a_5_9%%property2
acas,ACASXU_experimental_v2a_5_9%%property3
acas,ACASXU_experimental_v2a_5_9%%property4
cifar10,cifar10_base_kw_simp%%ind1087_tar7_eps0.01
cifar10,cifar10_base_kw_simp%%ind134_tar5_eps0.03
cifar10,cifar10_base_kw_simp%%ind1388_tar4_eps0.09
cifar10,cifar10_base_kw_simp%%ind1446_tar2_eps0.15
cifar10,cifar10_base_kw_simp%%ind1787_tar2_eps0.12
cifar10,cifar10_base_kw_simp%%ind1812_tar9_eps0.15
cifar10,cifar10_base_kw_simp%%ind1819_tar4_eps0.01
cifar10,cifar10_base_kw_simp%%ind1835_tar4_eps0.09
cifar10,cifar10_base_kw_simp%%ind1845_tar0_eps0.12
cifar10,cifar10_base_kw_simp%%ind1849_tar6_eps0.15
cifar10,cifar10_base_kw_simp%%ind1872_tar0_eps0.12
cifar10,cifar10_base_kw_simp%%ind2051_tar9_eps0.03
cifar10,cifar10_base_kw_simp%%ind2130_tar4_eps0.15
cifar10,cifar10_base_kw_simp%%ind2149_tar5_eps0.06
cifar10,cifar10_base_kw_simp%%ind2172_tar6_eps0.06
cifar10,cifar10_base_kw_simp%%ind2215_tar6_eps0.06
cifar10,cifar10_base_kw_simp%%ind2223_tar2_eps0.12
cifar10,cifar10_base_kw_simp%%ind228_tar2_eps0.12
cifar10,cifar10_base_kw_simp%%ind22_tar2_eps0.15
cifar10,cifar10_base_kw_simp%%ind2304_tar7_eps0.15
cifar10,cifar10_base_kw_simp%%ind2308_tar5_eps0.01
cifar10,cifar10_base_kw_simp%%ind2343_tar3_eps0.01
cifar10,cifar10_base_kw_simp%%ind2398_tar2_eps0.01
cifar10,cifar10_base_kw_simp%%ind2412_tar5_eps0.06
cifar10,cifar10_base_kw_simp%%ind2581_tar3_eps0.12
cifar10,cifar10_base_kw_simp%%ind2670_tar4_eps0.01
cifar10,cifar10_base_kw_simp%%ind2741_tar1_eps0.09
cifar10,cifar10_base_kw_simp%%ind2796_tar2_eps0.06
cifar10,cifar10_base_kw_simp%%ind3016_tar3_eps0.06
cifar10,cifar10_base_kw_simp%%ind3094_tar7_eps0.06
cifar10,cifar10_base_kw_simp%%ind30_tar3_eps0.03
cifar10,cifar10_base_kw_simp%%ind3497_tar3_eps0.01
cifar10,cifar10_base_kw_simp%%ind3551_tar4_eps0.09
cifar10,cifar10_base_kw_simp%%ind3566_tar2_eps0.03
cifar10,cifar10_base_kw_simp%%ind3587_tar5_eps0.15
cifar10,cifar10_base_kw_simp%%ind3724_tar4_eps0.01
cifar10,cifar10_base_kw_simp%%ind38_tar6_eps0.12
cifar10,cifar10_base_kw_simp%%ind4079_tar1_eps0.03
cifar10,cifar10_base_kw_simp%%ind4220_tar7_eps0.06
cifar10,cifar10_base_kw_simp%%ind4480_tar3_eps0.09
cifar10,cifar10_base_kw_simp%%ind4514_tar4_eps0.15
cifar10,cifar10_base_kw_simp%%ind4736_tar0_eps0.03
cifar10,cifar10_base_kw_simp%%ind5154_tar6_eps0.12
cifar10,cifar10_base_kw_simp%%ind5163_tar2_eps0.09
cifar10,cifar10_base_kw_simp%%ind5440_tar8_eps0.03
cifar10,cifar10_base_kw_simp%%ind5506_tar6_eps0.01
cifar10,cifar10_base_kw_simp%%ind5522_tar7_eps0.03
cifar10,cifar10_base_kw_simp%%ind5743_tar7_eps0.15
cifar10,cifar10_base_kw_simp%%ind5749_tar6_eps0.12
cifar10,cifar10_base_kw_simp%%ind5752_tar8_eps0.09
cifar10,cifar10_base_kw_simp%%ind5818_tar0_eps0.09
cifar10,cifar10_base_kw_simp%%ind5853_tar2_eps0.12
cifar10,cifar10_base_kw_simp%%ind5874_tar6_eps0.03
cifar10,cifar10_base_kw_simp%%ind5906_tar9_eps0.01
cifar10,cifar10_base_kw_simp%%ind5962_tar9_eps0.06
cifar10,cifar10_base_kw_simp%%ind6084_tar5_eps0.01
cifar10,cifar10_base_kw_simp%%ind6129_tar2_eps0.12
cifar10,cifar10_base_kw_simp%%ind6174_tar7_eps0.15
cifar10,cifar10_base_kw_simp%%ind6218_tar6_eps0.03
cifar10,cifar10_base_kw_simp%%ind6364_tar9_eps0.15
cifar10,cifar10_base_kw_simp%%ind637_tar0_eps0.15
cifar10,cifar10_base_kw_simp%%ind6451_tar3_eps0.01
cifar10,cifar10_base_kw_simp%%ind6484_tar0_eps0.06
cifar10,cifar10_base_kw_simp%%ind6496_tar8_eps0.12
cifar10,cifar10_base_kw_simp%%ind6499_tar5_eps0.03
cifar10,cifar10_base_kw_simp%%ind6579_tar3_eps0.06
cifar10,cifar10_base_kw_simp%%ind6765_tar7_eps0.15
cifar10,cifar10_base_kw_simp%%ind6799_tar1_eps0.12
cifar10,cifar10_base_kw_simp%%ind681_tar7_eps0.09
cifar10,cifar10_base_kw_simp%%ind7154_tar2_eps0.09
cifar10,cifar10_base_kw_simp%%ind7173_tar8_eps0.03
cifar10,cifar10_base_kw_simp%%ind727_tar1_eps0.09
cifar10,cifar10_base_kw_simp%%ind7341_tar0_eps0.06
cifar10,cifar10_base_kw_simp%%ind7371_tar4_eps0.09
cifar10,cifar10_base_kw_simp%%ind7656_tar9_eps0.09
cifar10,cifar10_base_kw_simp%%ind7672_tar0_eps0.06
cifar10,cifar10_base_kw_simp%%ind7986_tar5_eps0.03
cifar10,cifar10_base_kw_simp%%ind8209_tar1_eps0.06
cifar10,cifar10_base_kw_simp%%ind8225_tar3_eps0.01
cifar10,cifar10_base_kw_simp%%ind8477_tar0_eps0.06
cifar10,cifar10_base_kw_simp%%ind8778_tar6_eps0.03
cifar10,cifar10_base_kw_simp%%ind8783_tar5_eps0.15
cifar10,cifar10_base_kw_simp%%ind898_tar9_eps0.01
cifar10,cifar10_base_kw_simp%%ind9081_tar2_eps0.12
cifar10,cifar10_base_kw_simp%%ind9226_tar6_eps0.09
cifar10,cifar10_base_kw_simp%%ind9266_tar2_eps0.09
cifar10,cifar10_base_kw_simp%%ind9394_tar6_eps0.01
cifar10,cifar10_base_kw_simp%%ind9603_tar3_eps0.03
cifar10,cifar10_base_kw_simp%%ind9765_tar6_eps0.15
cifar10,cifar10_base_kw_simp%%ind9777_tar6_eps0.12
cifar10,cifar10_deep_kw_simp%%ind1034_tar7_eps0.01
cifar10,cifar10_deep_kw_simp%%ind1243_tar1_eps0.06
cifar10,cifar10_deep_kw_simp%%ind1342_tar4_eps0.03
cifar10,cifar10_deep_kw_simp%%ind1381_tar5_eps0.09
cifar10,cifar10_deep_kw_simp%%ind1399_tar0_eps0.09
cifar10,cifar10_deep_kw_simp%%ind1409_tar7_eps0.09
cifar10,cifar10_deep_kw_simp%%ind1464_tar4_eps0.12
cifar10,cifar10_deep_kw_simp%%ind1487_tar0_eps0.01
cifar10,cifar10_deep_kw_simp%%ind1617_tar7_eps0.15
cifar10,cifar10_deep_kw_simp%%ind1643_tar7_eps0.12
cifar10,cifar10_deep_kw_simp%%ind1860_tar6_eps0.01
cifar10,cifar10_deep_kw_simp%%ind2055_tar6_eps0.09
cifar10,cifar10_deep_kw_simp%%ind2423_tar7_eps0.09
cifar10,cifar10_deep_kw_simp%%ind2573_tar0_eps0.15
cifar10,cifar10_deep_kw_simp%%ind2713_tar9_eps0.12
cifar10,cifar10_deep_kw_simp%%ind2746_tar6_eps0.15
cifar10,cifar10_deep_kw_simp%%ind2911_tar3_eps0.12
cifar10,cifar10_deep_kw_simp%%ind2970_tar0_eps0.06
cifar10,cifar10_deep_kw_simp%%ind3039_tar7_eps0.09
cifar10,cifar10_deep_kw_simp%%ind3105_tar9_eps0.03
cifar10,cifar10_deep_kw_simp%%ind3154_tar8_eps0.01
cifar10,cifar10_deep_kw_simp%%ind3447_tar3_eps0.06
cifar10,cifar10_deep_kw_simp%%ind4004_tar7_eps0.03
cifar10,cifar10_deep_kw_simp%%ind4340_tar2_eps0.12
cifar10,cifar10_deep_kw_simp%%ind4351_tar3_eps0.15
cifar10,cifar10_deep_kw_simp%%ind4378_tar9_eps0.06
cifar10,cifar10_deep_kw_simp%%ind4532_tar2_eps0.06
cifar10,cifar10_deep_kw_simp%%ind4550_tar7_eps0.06
cifar10,cifar10_deep_kw_simp%%ind4757_tar3_eps0.12
cifar10,cifar10_deep_kw_simp%%ind4973_tar8_eps0.03
cifar10,cifar10_deep_kw_simp%%ind4985_tar2_eps0.03
cifar10,cifar10_deep_kw_simp%%ind5209_tar0_eps0.12
cifar10,cifar10_deep_kw_simp%%ind5242_tar4_eps0.09
cifar10,cifar10_deep_kw_simp%%ind5433_tar4_eps0.03
cifar10,cifar10_deep_kw_simp%%ind5455_tar6_eps0.15
cifar10,cifar10_deep_kw_simp%%ind5619_tar4_eps0.15
cifar10,cifar10_deep_kw_simp%%ind5886_tar0_eps0.01
cifar10,cifar10_deep_kw_simp%%ind5897_tar3_eps0.06
cifar10,cifar10_deep_kw_simp%%ind600_tar7_eps0.01
cifar10,cifar10_deep_kw_simp%%ind6072_tar1_eps0.15
cifar10,cifar10_deep_kw_simp%%ind6110_tar2_eps0.03
cifar10,cifar10_deep_kw_simp%%ind6177_tar1_eps0.09
cifar10,cifar10_deep_kw_simp%%ind618_tar3_eps0.03
cifar10,cifar10_deep_kw_simp%%ind6265_tar1_eps0.09
cifar10,cifar10_deep_kw_simp%%ind6310_tar7_eps0.03
cifar10,cifar10_deep_kw_simp%%ind6444_tar2_eps0.12
cifar10,cifar10_deep_kw_simp%%ind6545_tar0_eps0.01
cifar10,cifar10_deep_kw_simp%%ind6560_tar5_eps0.12
cifar10,cifar10_deep_kw_simp%%ind6598_tar3_eps0.09
cifar10,cifar10_deep_kw_simp%%ind6633_tar1_eps0.06
cifar10,cifar10_deep_kw_simp%%ind6637_tar4_eps0.15
cifar10,cifar10_deep_kw_simp%%ind6731_tar8_eps0.12
cifar10,cifar10_deep_kw_simp%%ind6734_tar9_eps0.03
cifar10,cifar10_deep_kw_simp%%ind6755_tar4_eps0.01
cifar10,cifar10_deep_kw_simp%%ind7047_tar9_eps0.01
cifar10,cifar10_deep_kw_simp%%ind7128_tar2_eps0.15
cifar10,cifar10_deep_kw_simp%%ind7305_tar9_eps0.01
cifar10,cifar10_deep_kw_simp%%ind7429_tar9_eps0.03
cifar10,cifar10_deep_kw_simp%%ind7460_tar9_eps0.12
cifar10,cifar10_deep_kw_simp%%ind7526_tar2_eps0.09
cifar10,cifar10_deep_kw_simp%%ind7534_tar2_eps0.06
cifar10,cifar10_deep_kw_simp%%ind7535_tar0_eps0.09
cifar10,cifar10_deep_kw_simp%%ind7865_tar8_eps0.06
cifar10,cifar10_deep_kw_simp%%ind7884_tar1_eps0.03
cifar10,cifar10_deep_kw_simp%%ind795_tar8_eps0.06
cifar10,cifar10_deep_kw_simp%%ind8024_tar2_eps0.01
cifar10,cifar10_deep_kw_simp%%ind8147_tar8_eps0.01
cifar10,cifar10_deep_kw_simp%%ind8163_tar8_eps0.15
cifar10,cifar10_deep_kw_simp%%ind8171_tar7_eps0.15
cifar10,cifar10_deep_kw_simp%%ind8207_tar6_eps0.15
cifar10,cifar10_deep_kw_simp%%ind8392_tar4_eps0.01
cifar10,cifar10_deep_kw_simp%%ind8439_tar4_eps0.15
cifar10,cifar10_deep_kw_simp%%ind8482_tar0_eps0.12
cifar10,cifar10_deep_kw_simp%%ind8654_tar8_eps0.12
cifar10,cifar10_deep_kw_simp%%ind8773_tar1_eps0.09
cifar10,cifar10_deep_kw_simp%%ind8812_tar2_eps0.06
cifar10,cifar10_deep_kw_simp%%ind9004_tar0_eps0.01
cifar10,cifar10_deep_kw_simp%%ind9028_tar2_eps0.15
cifar10,cifar10_deep_kw_simp%%ind9266_tar5_eps0.03
cifar10,cifar10_deep_kw_simp%%ind9273_tar2_eps0.09
cifar10,cifar10_deep_kw_simp%%ind9311_tar0_eps0.01
cifar10,cifar10_deep_kw_simp%%ind9405_tar2_eps0.12
cifar10,cifar10_deep_kw_simp%%ind9691_tar0_eps0.06
cifar10,cifar10_deep_kw_simp%%ind9734_tar1_eps0.09
cifar10,cifar10_deep_kw_simp%%ind9767_tar3_eps0.06
cifar10,cifar10_deep_kw_simp%%ind977_tar1_eps0.15
cifar10,cifar10_deep_kw_simp%%ind9827_tar8_eps0.06
cifar10,cifar10_deep_kw_simp%%ind9856_tar1_eps0.03
cifar10,cifar10_deep_kw_simp%%ind9918_tar1_eps0.03
cifar10,cifar10_deep_kw_simp%%ind9968_tar8_eps0.12
cifar10,cifar10_wide_kw_simp%%ind1129_tar1_eps0.15
cifar10,cifar10_wide_kw_simp%%ind1176_tar3_eps0.15
cifar10,cifar10_wide_kw_simp%%ind1190_tar4_eps0.03
cifar10,cifar10_wide_kw_simp%%ind1209_tar4_eps0.01
cifar10,cifar10_wide_kw_simp%%ind1486_tar0_eps0.01
cifar10,cifar10_wide_kw_simp%%ind1525_tar9_eps0.09
cifar10,cifar10_wide_kw_simp%%ind1546_tar9_eps0.12
cifar10,cifar10_wide_kw_simp%%ind1574_tar6_eps0.06
cifar10,cifar10_wide_kw_simp%%ind1665_tar2_eps0.03
cifar10,cifar10_wide_kw_simp%%ind1832_tar3_eps0.09
cifar10,cifar10_wide_kw_simp%%ind1925_tar3_eps0.06
cifar10,cifar10_wide_kw_simp%%ind2009_tar0_eps0.01
cifar10,cifar10_wide_kw_simp%%ind2144_tar7_eps0.03
cifar10,cifar10_wide_kw_simp%%ind2159_tar0_eps0.06
cifar10,cifar10_wide_kw_simp%%ind232_tar2_eps0.01
cifar10,cifar10_wide_kw_simp%%ind2447_tar1_eps0.01
cifar10,cifar10_wide_kw_simp%%ind2685_tar4_eps0.03
cifar10,cifar10_wide_kw_simp%%ind2702_tar5_eps0.15
cifar10,cifar10_wide_kw_simp%%ind2813_tar5_eps0.06
cifar10,cifar10_wide_kw_simp%%ind2942_tar7_eps0.03
cifar10,cifar10_wide_kw_simp%%ind2955_tar8_eps0.12
cifar10,cifar10_wide_kw_simp%%ind3197_tar4_eps0.01
cifar10,cifar10_wide_kw_simp%%ind3485_tar4_eps0.12
cifar10,cifar10_wide_kw_simp%%ind3551_tar6_eps0.12
cifar10,cifar10_wide_kw_simp%%ind3573_tar4_eps0.15
cifar10,cifar10_wide_kw_simp%%ind3581_tar1_eps0.03
cifar10,cifar10_wide_kw_simp%%ind3694_tar4_eps0.09
cifar10,cifar10_wide_kw_simp%%ind378_tar3_eps0.03
cifar10,cifar10_wide_kw_simp%%ind388_tar8_eps0.01
cifar10,cifar10_wide_kw_simp%%ind3914_tar8_eps0.03
cifar10,cifar10_wide_kw_simp%%ind4163_tar1_eps0.09
cifar10,cifar10_wide_kw_simp%%ind4381_tar8_eps0.06
cifar10,cifar10_wide_kw_simp%%ind4513_tar7_eps0.15
cifar10,cifar10_wide_kw_simp%%ind4579_tar1_eps0.03
cifar10,cifar10_wide_kw_simp%%ind4625_tar1_eps0.15
cifar10,cifar10_wide_kw_simp%%ind4762_tar4_eps0.12
cifar10,cifar10_wide_kw_simp%%ind5055_tar1_eps0.06
cifar10,cifar10_wide_kw_simp%%ind5064_tar3_eps0.09
cifar10,cifar10_wide_kw_simp%%ind5096_tar6_eps0.12
cifar10,cifar10_wide_kw_simp%%ind5203_tar0_eps0.01
cifar10,cifar10_wide_kw_simp%%ind5226_tar9_eps0.06
cifar10,cifar10_wide_kw_simp%%ind5430_tar2_eps0.06
cifar10,cifar10_wide_kw_simp%%ind5490_tar5_eps0.12
cifar10,cifar10_wide_kw_simp%%ind5559_tar0_eps0.09
cifar10,cifar10_wide_kw_simp%%ind5625_tar6_eps0.09
cifar10,cifar10_wide_kw_simp%%ind5699_tar2_eps0.15
cifar10,cifar10_wide_kw_simp%%ind5733_tar7_eps0.06
cifar10,cifar10_wide_kw_simp%%ind585_tar1_eps0.15
cifar10,cifar10_wide_kw_simp%%ind6009_tar1_eps0.06
cifar10,cifar10_wide_kw_simp%%ind6122_tar3_eps0.15
cifar10,cifar10_wide_kw_simp%%ind6434_tar6_eps0.15
cifar10,cifar10_wide_kw_simp%%ind6486_tar5_eps0.15
cifar10,cifar10_wide_kw_simp%%ind6504_tar4_eps0.12
cifar10,cifar10_wide_kw_simp%%ind654_tar1_eps0.12
cifar10,cifar10_wide_kw_simp%%ind6569_tar5_eps0.03
cifar10,cifar10_wide_kw_simp%%ind6620_tar0_eps0.01
cifar10,cifar10_wide_kw_simp%%ind675_tar4_eps0.15
cifar10,cifar10_wide_kw_simp%%ind7009_tar2_eps0.01
cifar10,cifar10_wide_kw_simp%%ind716_tar7_eps0.09
cifar10,cifar10_wide_kw_simp%%ind7335_tar2_eps0.09
cifar10,cifar10_wide_kw_simp%%ind7382_tar5_eps0.09
cifar10,cifar10_wide_kw_simp%%ind7522_tar3_eps0.03
cifar10,cifar10_wide_kw_simp%%ind7558_tar3_eps0.01
cifar10,cifar10_wide_kw_simp%%ind7656_tar2_eps0.12
cifar10,cifar10_wide_kw_simp%%ind7876_tar7_eps0.12
cifar10,cifar10_wide_kw_simp%%ind7964_tar7_eps0.01
cifar10,cifar10_wide_kw_simp%%ind8050_tar3_eps0.03
cifar10,cifar10_wide_kw_simp%%ind8164_tar2_eps0.09
cifar10,cifar10_wide_kw_simp%%ind8280_tar7_eps0.06
cifar10,cifar10_wide_kw_simp%%ind8575_tar4_eps0.15
cifar10,cifar10_wide_kw_simp%%ind8766_tar0_eps0.01
cifar10,cifar10_wide_kw_simp%%ind8771_tar4_eps0.01
cifar10,cifar10_wide_kw_simp%%ind8792_tar7_eps0.09
cifar10,cifar10_wide_kw_simp%%ind8857_tar1_eps0.12
cifar10,cifar10_wide_kw_simp%%ind8951_tar6_eps0.06
cifar10,cifar10_wide_kw_simp%%ind8951_tar7_eps0.12
cifar10,cifar10_wide_kw_simp%%ind9004_tar3_eps0.09
cifar10,cifar10_wide_kw_simp%%ind9032_tar0_eps0.06
cifar10,cifar10_wide_kw_simp%%ind9080_tar7_eps0.15
cifar10,cifar10_wide_kw_simp%%ind9163_tar1_eps0.01
cifar10,cifar10_wide_kw_simp%%ind9212_tar1_eps0.03
cifar10,cifar10_wide_kw_simp%%ind9321_tar7_eps0.06
cifar10,cifar10_wide_kw_simp%%ind9341_tar6_eps0.03
cifar10,cifar10_wide_kw_simp%%ind943_tar7_eps0.09
cifar10,cifar10_wide_kw_simp%%ind9465_tar7_eps0.03
cifar10,cifar10_wide_kw_simp%%ind9502_tar3_eps0.06
cifar10,cifar10_wide_kw_simp%%ind9513_tar1_eps0.09
cifar10,cifar10_wide_kw_simp%%ind954_tar3_eps0.15
cifar10,cifar10_wide_kw_simp%%ind9640_tar1_eps0.12
cifar10,cifar10_wide_kw_simp%%ind9696_tar4_eps0.12
gtsr,model2a%%traffic_sign_model-2a_ind0_eps0.6680078125_target1.0
gtsr,model2a%%traffic_sign_model-2a_ind102_eps0.2622265625_target4.0
gtsr,model2a%%traffic_sign_model-2a_ind103_eps0.4574609375_target1.0
gtsr,model2a%%traffic_sign_model-2a_ind104_eps0.5072265625_target1.0
gtsr,model2a%%traffic_sign_model-2a_ind105_eps0.1933203125_target1.0
gtsr,model2a%%traffic_sign_model-2a_ind106_eps0.4038671875_target0.0
gtsr,model2a%%traffic_sign_model-2a_ind107_eps0.1550390625_target3.0
gtsr,model2a%%traffic_sign_model-2a_ind108_eps0.7598828125_target1.0
gtsr,model2a%%traffic_sign_model-2a_ind109_eps0.5053124999999999_target1.0
gtsr,model2a%%traffic_sign_model-2a_ind10_eps0.11101562499999999_target1.0
gtsr,model2a%%traffic_sign_model-2a_ind110_eps0.7924218749999999_target1.0
gtsr,model2a%%traffic_sign_model-2a_ind112_eps0.6297265625_target1.0
gtsr,model2a%%traffic_sign_model-2a_ind113_eps0.11101562499999999_target1.0
gtsr,model2a%%traffic_sign_model-2a_ind114_eps0.06316406249999999_target1.0
gtsr,model2a%%traffic_sign_model-2a_ind115_eps0.4727734375_target1.0
gtsr,model2a%%traffic_sign_model-2a_ind116_eps0.1588671875_target5.0
gtsr,model2a%%traffic_sign_model-2a_ind117_eps0.3847265625_target1.0
gtsr,model2a%%traffic_sign_model-2a_ind11_eps0.21437499999999998_target1.0
gtsr,model2a%%traffic_sign_model-2a_ind121_eps0.4574609375_target1.0
gtsr,model2a%%traffic_sign_model-2a_ind123_eps0.356015625_target3.0
gtsr,model2a%%traffic_sign_model-2a_ind125_eps0.4651171875_target1.0
gtsr,model2a%%traffic_sign_model-2a_ind126_eps0.8019921875_target1.0
gtsr,model2a%%traffic_sign_model-2a_ind127_eps0.1684375_target3.0
gtsr,model2a%%traffic_sign_model-2a_ind129_eps0.57421875_target1.0
gtsr,model2a%%traffic_sign_model-2a_ind12_eps0.4746875_target1.0
gtsr,model2a%%traffic_sign_model-2a_ind130_eps0.3043359375_target3.0
gtsr,model2a%%traffic_sign_model-2a_ind132_eps0.2162890625_target1.0
gtsr,model2a%%traffic_sign_model-2a_ind133_eps0.264140625_target1.0
gtsr,model2a%%traffic_sign_model-2a_ind14_eps0.1703515625_target1.0
gtsr,model2a%%traffic_sign_model-2a_ind15_eps0.72734375_target1.0
gtsr,model2a%%traffic_sign_model-2a_ind17_eps0.149296875_target0.0
gtsr,model2a%%traffic_sign_model-2a_ind18_eps0.2603125_target1.0
gtsr,model2a%%traffic_sign_model-2a_ind19_eps0.3694140625_target1.0
gtsr,model2a%%traffic_sign_model-2a_ind1_eps0.371328125_target1.0
gtsr,model2a%%traffic_sign_model-2a_ind21_eps0.3694140625_target1.0
gtsr,model2a%%traffic_sign_model-2a_ind24_eps0.8019921875_target1.0
gtsr,model2a%%traffic_sign_model-2a_ind26_eps0.042109375_target4.0
gtsr,model2a%%traffic_sign_model-2a_ind27_eps0.7809375_target1.0
gtsr,model2a%%traffic_sign_model-2a_ind28_eps0.0669921875_target1.0
gtsr,model2a%%traffic_sign_model-2a_ind29_eps0.8594140625_target1.0
gtsr,model2a%%traffic_sign_model-2a_ind30_eps0.371328125_target1.0
gtsr,model2a%%traffic_sign_model-2a_ind31_eps0.6258984375_target1.0
gtsr,model2a%%traffic_sign_model-2a_ind32_eps0.532109375_target1.0
gtsr,model2a%%traffic_sign_model-2a_ind33_eps0.754140625_target1.0
gtsr,model2a%%traffic_sign_model-2a_ind34_eps0.25265624999999997_target1.0
gtsr,model2a%%traffic_sign_model-2a_ind35_eps0.5455078125_target1.0
gtsr,model2a%%traffic_sign_model-2a_ind36_eps0.164609375_target3.0
gtsr,model2a%%traffic_sign_model-2a_ind38_eps0.7024609374999999_target1.0
gtsr,model2a%%traffic_sign_model-2a_ind39_eps0.055507812499999996_target5.0
gtsr,model2a%%traffic_sign_model-2a_ind3_eps0.58953125_target1.0
gtsr,model2a%%traffic_sign_model-2a_ind45_eps0.2851953125_target1.0
gtsr,model2a%%traffic_sign_model-2a_ind47_eps0.585703125_target1.0
gtsr,model2a%%traffic_sign_model-2a_ind48_eps0.2603125_target1.0
gtsr,model2a%%traffic_sign_model-2a_ind4_eps0.4995703125_target1.0
gtsr,model2a%%traffic_sign_model-2a_ind51_eps0.2316015625_target3.0
gtsr,model2a%%traffic_sign_model-2a_ind52_eps0.738828125_target1.0
gtsr,model2a%%traffic_sign_model-2a_ind53_eps0.593359375_target1.0
gtsr,model2a%%traffic_sign_model-2a_ind54_eps0.1129296875_target3.0
gtsr,model2a%%traffic_sign_model-2a_ind57_eps0.3828125_target1.0
gtsr,model2a%%traffic_sign_model-2a_ind58_eps0.6297265625_target1.0
gtsr,model2a%%traffic_sign_model-2a_ind60_eps0.245_target1.0
gtsr,model2a%%traffic_sign_model-2a_ind61_eps0.42109375_target0.0
gtsr,model2a%%traffic_sign_model-2a_ind62_eps0.66609375_target1.0
gtsr,model2a%%traffic_sign_model-2a_ind64_eps0.17609375_target1.0
gtsr,model2a%%traffic_sign_model-2a_ind66_eps0.6680078125_target1.0
gtsr,model2a%%traffic_sign_model-2a_ind67_eps0.398125_target1.0
gtsr,model2a%%traffic_sign_model-2a_ind68_eps0.2048046875_target3.0
gtsr,model2a%%traffic_sign_model-2a_ind69_eps0.6144140625_target1.0
gtsr,model2a%%traffic_sign_model-2a_ind6_eps0.7101171875_target1.0
gtsr,model2a%%traffic_sign_model-2a_ind71_eps0.0401953125_target1.0
gtsr,model2a%%traffic_sign_model-2a_ind72_eps0.4804296875_target1.0
gtsr,model2a%%traffic_sign_model-2a_ind75_eps0.6297265625_target1.0
gtsr,model2a%%traffic_sign_model-2a_ind76_eps0.7981640624999999_target1.0
gtsr,model2a%%traffic_sign_model-2a_ind77_eps0.2162890625_target1.0
gtsr,model2a%%traffic_sign_model-2a_ind78_eps0.646953125_target1.0
gtsr,model2a%%traffic_sign_model-2a_ind79_eps0.13015625_target1.0
gtsr,model2a%%traffic_sign_model-2a_ind7_eps0.5646484375_target1.0
gtsr,model2a%%traffic_sign_model-2a_ind80_eps0.7598828125_target1.0
gtsr,model2a%%traffic_sign_model-2a_ind81_eps0.1971484375_target1.0
gtsr,model2a%%traffic_sign_model-2a_ind84_eps0.042109375_target5.0
gtsr,model2a%%traffic_sign_model-2a_ind85_eps0.5455078125_target1.0
gtsr,model2a%%traffic_sign_model-2a_ind87_eps0.4000390625_target1.0
gtsr,model2a%%traffic_sign_model-2a_ind90_eps0.1856640625_target3.0
gtsr,model2a%%traffic_sign_model-2a_ind91_eps0.44980468749999997_target1.0
gtsr,model2a%%traffic_sign_model-2a_ind92_eps0.03828125_target1.0
gtsr,model2a%%traffic_sign_model-2a_ind93_eps0.3081640625_target3.0
gtsr,model2a%%traffic_sign_model-2a_ind95_eps0.54359375_target1.0
gtsr,model2a%%traffic_sign_model-2a_ind97_eps0.2660546875_target1.0
gtsr,model2a%%traffic_sign_model-2a_ind98_eps0.6909765625_target1.0
gtsr,model2a%%traffic_sign_model-2a_ind9_eps0.4727734375_target1.0
gtsr,model2b%%traffic_sign_model-conv_ind0_eps0.7598828125_target1.0
gtsr,model2b%%traffic_sign_model-conv_ind100_eps0.4804296875_target6.0
gtsr,model2b%%traffic_sign_model-conv_ind102_eps0.264140625_target4.0
gtsr,model2b%%traffic_sign_model-conv_ind103_eps0.42874999999999996_target0.0
gtsr,model2b%%traffic_sign_model-conv_ind104_eps0.735_target1.0
gtsr,model2b%%traffic_sign_model-conv_ind105_eps0.2392578125_target4.0
gtsr,model2b%%traffic_sign_model-conv_ind106_eps0.570390625_target0.0
gtsr,model2b%%traffic_sign_model-conv_ind107_eps0.5914453125_target1.0
gtsr,model2b%%traffic_sign_model-conv_ind108_eps0.8976953125_target1.0
gtsr,model2b%%traffic_sign_model-conv_ind109_eps0.4536328125_target1.0
gtsr,model2b%%traffic_sign_model-conv_ind10_eps0.0784765625_target3.0
gtsr,model2b%%traffic_sign_model-conv_ind110_eps0.7560546874999999_target1.0
gtsr,model2b%%traffic_sign_model-conv_ind112_eps0.7981640624999999_target1.0
gtsr,model2b%%traffic_sign_model-conv_ind113_eps0.09378906249999999_target0.0
gtsr,model2b%%traffic_sign_model-conv_ind114_eps0.4880859375_target1.0
gtsr,model2b%%traffic_sign_model-conv_ind115_eps0.5416796875_target1.0
gtsr,model2b%%traffic_sign_model-conv_ind116_eps0.133984375_target5.0
gtsr,model2b%%traffic_sign_model-conv_ind118_eps0.9627734375_target0.0
gtsr,model2b%%traffic_sign_model-conv_ind11_eps0.3521875_target1.0
gtsr,model2b%%traffic_sign_model-conv_ind12_eps0.378984375_target0.0
gtsr,model2b%%traffic_sign_model-conv_ind13_eps0.4459765625_target0.0
gtsr,model2b%%traffic_sign_model-conv_ind14_eps0.3464453125_target1.0
gtsr,model2b%%traffic_sign_model-conv_ind15_eps0.738828125_target1.0
gtsr,model2b%%traffic_sign_model-conv_ind18_eps0.363671875_target1.0
gtsr,model2b%%traffic_sign_model-conv_ind19_eps0.6335546875_target1.0
gtsr,model2b%%traffic_sign_model-conv_ind1_eps0.4344921875_target0.0
gtsr,model2b%%traffic_sign_model-conv_ind21_eps0.51296875_target1.0
gtsr,model2b%%traffic_sign_model-conv_ind22_eps0.54359375_target1.0
gtsr,model2b%%traffic_sign_model-conv_ind23_eps0.2430859375_target4.0
gtsr,model2b%%traffic_sign_model-conv_ind24_eps0.7943359375_target1.0
gtsr,model2b%%traffic_sign_model-conv_ind26_eps0.32921875_target4.0
gtsr,model2b%%traffic_sign_model-conv_ind27_eps0.8594140625_target1.0
gtsr,model2b%%traffic_sign_model-conv_ind28_eps0.2583984375_target1.0
gtsr,model2b%%traffic_sign_model-conv_ind29_eps0.8517578124999999_target1.0
gtsr,model2b%%traffic_sign_model-conv_ind30_eps0.1052734375_target0.0
gtsr,model2b%%traffic_sign_model-conv_ind31_eps0.7866796875_target1.0
gtsr,model2b%%traffic_sign_model-conv_ind32_eps0.6488671874999999_target0.0
gtsr,model2b%%traffic_sign_model-conv_ind33_eps0.8326171875_target1.0
gtsr,model2b%%traffic_sign_model-conv_ind34_eps0.516796875_target1.0
gtsr,model2b%%traffic_sign_model-conv_ind36_eps0.409609375_target0.0
gtsr,model2b%%traffic_sign_model-conv_ind37_eps0.3732421875_target0.0
gtsr,model2b%%traffic_sign_model-conv_ind38_eps0.7560546874999999_target1.0
gtsr,model2b%%traffic_sign_model-conv_ind39_eps0.13015625_target4.0
gtsr,model2b%%traffic_sign_model-conv_ind3_eps0.3081640625_target0.0
gtsr,model2b%%traffic_sign_model-conv_ind41_eps0.7369140625_target1.0
gtsr,model2b%%traffic_sign_model-conv_ind44_eps0.095703125_target4.0
gtsr,model2b%%traffic_sign_model-conv_ind45_eps0.1435546875_target3.0
gtsr,model2b%%traffic_sign_model-conv_ind47_eps0.44980468749999997_target0.0
gtsr,model2b%%traffic_sign_model-conv_ind4_eps0.547421875_target1.0
gtsr,model2b%%traffic_sign_model-conv_ind50_eps0.2660546875_target0.0
gtsr,model2b%%traffic_sign_model-conv_ind51_eps0.394296875_target1.0
gtsr,model2b%%traffic_sign_model-conv_ind52_eps0.8402734374999999_target1.0
gtsr,model2b%%traffic_sign_model-conv_ind53_eps0.8173046875_target1.0
gtsr,model2b%%traffic_sign_model-conv_ind54_eps0.27945312499999997_target1.0
gtsr,model2b%%traffic_sign_model-conv_ind56_eps0.509140625_target3.0
gtsr,model2b%%traffic_sign_model-conv_ind57_eps0.3770703125_target1.0
gtsr,model2b%%traffic_sign_model-conv_ind58_eps0.5837890625_target1.0
gtsr,model2b%%traffic_sign_model-conv_ind5_eps0.3464453125_target5.0
gtsr,model2b%%traffic_sign_model-conv_ind61_eps0.0363671875_target1.0
gtsr,model2b%%traffic_sign_model-conv_ind62_eps0.5072265625_target1.0
gtsr,model2b%%traffic_sign_model-conv_ind65_eps0.2851953125_target2.0
gtsr,model2b%%traffic_sign_model-conv_ind66_eps0.6986328125_target1.0
gtsr,model2b%%traffic_sign_model-conv_ind67_eps0.547421875_target1.0
gtsr,model2b%%traffic_sign_model-conv_ind68_eps0.4038671875_target3.0
gtsr,model2b%%traffic_sign_model-conv_ind69_eps0.336875_target1.0
gtsr,model2b%%traffic_sign_model-conv_ind6_eps0.5952734375_target1.0
gtsr,model2b%%traffic_sign_model-conv_ind72_eps0.5723046875_target1.0
gtsr,model2b%%traffic_sign_model-conv_ind73_eps0.48234375_target1.0
gtsr,model2b%%traffic_sign_model-conv_ind75_eps0.8517578124999999_target1.0
gtsr,model2b%%traffic_sign_model-conv_ind76_eps0.830703125_target1.0
gtsr,model2b%%traffic_sign_model-conv_ind77_eps0.5187109375_target1.0
gtsr,model2b%%traffic_sign_model-conv_ind78_eps0.593359375_target1.0
gtsr,model2b%%traffic_sign_model-conv_ind79_eps0.29859375_target1.0
gtsr,model2b%%traffic_sign_model-conv_ind7_eps0.5378515625_target0.0
gtsr,model2b%%traffic_sign_model-conv_ind80_eps0.8134765625_target1.0
gtsr,model2b%%traffic_sign_model-conv_ind81_eps0.3081640625_target1.0
gtsr,model2b%%traffic_sign_model-conv_ind85_eps0.63546875_target1.0
gtsr,model2b%%traffic_sign_model-conv_ind86_eps0.685234375_target3.0
gtsr,model2b%%traffic_sign_model-conv_ind87_eps0.7790234375_target1.0
gtsr,model2b%%traffic_sign_model-conv_ind88_eps0.46703125_target0.0
gtsr,model2b%%traffic_sign_model-conv_ind89_eps0.2966796875_target1.0
gtsr,model2b%%traffic_sign_model-conv_ind90_eps0.478515625_target3.0
gtsr,model2b%%traffic_sign_model-conv_ind91_eps0.55125_target1.0
gtsr,model2b%%traffic_sign_model-conv_ind92_eps0.179921875_target1.0
gtsr,model2b%%traffic_sign_model-conv_ind93_eps0.35984375_target3.0
gtsr,model2b%%traffic_sign_model-conv_ind95_eps0.6125_target1.0
gtsr,model2b%%traffic_sign_model-conv_ind96_eps0.103359375_target4.0
gtsr,model2b%%traffic_sign_model-conv_ind97_eps0.241171875_target1.0
gtsr,model2b%%traffic_sign_model-conv_ind98_eps0.7503124999999999_target1.0
gtsr,model2b%%traffic_sign_model-conv_ind9_eps0.4651171875_target0.0
mnist,mnist2x256%%ind1087_tar4_eps0.01
mnist,mnist2x256%%ind13_tar7_eps0.06
mnist,mnist2x256%%ind1819_tar3_eps0.01
mnist,mnist2x256%%ind1857_tar8_eps0.09
mnist,mnist2x256%%ind1973_tar0_eps0.03
mnist,mnist2x256%%ind2077_tar2_eps0.09
mnist,mnist2x256%%ind2115_tar2_eps0.12
mnist,mnist2x256%%ind2212_tar8_eps0.03
mnist,mnist2x256%%ind2255_tar5_eps0.15
mnist,mnist2x256%%ind228_tar8_eps0.12
mnist,mnist2x256%%ind22_tar9_eps0.06
mnist,mnist2x256%%ind2308_tar7_eps0.01
mnist,mnist2x256%%ind2310_tar8_eps0.03
mnist,mnist2x256%%ind2343_tar9_eps0.01
mnist,mnist2x256%%ind2398_tar9_eps0.01
mnist,mnist2x256%%ind2404_tar6_eps0.06
mnist,mnist2x256%%ind2448_tar1_eps0.03
mnist,mnist2x256%%ind2510_tar2_eps0.09
mnist,mnist2x256%%ind2645_tar6_eps0.15
mnist,mnist2x256%%ind2648_tar6_eps0.09
mnist,mnist2x256%%ind2670_tar6_eps0.01
mnist,mnist2x256%%ind2706_tar2_eps0.12
mnist,mnist2x256%%ind2737_tar9_eps0.06
mnist,mnist2x256%%ind2747_tar1_eps0.09
mnist,mnist2x256%%ind2761_tar5_eps0.06
mnist,mnist2x256%%ind3070_tar0_eps0.12
mnist,mnist2x256%%ind3497_tar3_eps0.01
mnist,mnist2x256%%ind3526_tar3_eps0.03
mnist,mnist2x256%%ind3611_tar9_eps0.15
mnist,mnist2x256%%ind3623_tar6_eps0.03
mnist,mnist2x256%%ind3724_tar5_eps0.01
mnist,mnist2x256%%ind381_tar0_eps0.09
mnist,mnist2x256%%ind3863_tar3_eps0.12
mnist,mnist2x256%%ind38_tar1_eps0.12
mnist,mnist2x256%%ind4018_tar7_eps0.15
mnist,mnist2x256%%ind4136_tar0_eps0.12
mnist,mnist2x256%%ind4175_tar0_eps0.06
mnist,mnist2x256%%ind4477_tar4_eps0.15
mnist,mnist2x256%%ind4540_tar1_eps0.09
mnist,mnist2x256%%ind4631_tar2_eps0.12
mnist,mnist2x256%%ind4655_tar8_eps0.15
mnist,mnist2x256%%ind4670_tar0_eps0.06
mnist,mnist2x256%%ind4687_tar2_eps0.09
mnist,mnist2x256%%ind4804_tar1_eps0.15
mnist,mnist2x256%%ind4904_tar5_eps0.03
mnist,mnist2x256%%ind5000_tar5_eps0.03
mnist,mnist2x256%%ind506_tar6_eps0.12
mnist,mnist2x256%%ind5169_tar9_eps0.03
mnist,mnist2x256%%ind5188_tar5_eps0.03
mnist,mnist2x256%%ind5269_tar2_eps0.12
mnist,mnist2x256%%ind5506_tar3_eps0.01
mnist,mnist2x256%%ind5777_tar5_eps0.09
mnist,mnist2x256%%ind5906_tar2_eps0.01
mnist,mnist2x256%%ind5934_tar1_eps0.03
mnist,mnist2x256%%ind5964_tar6_eps0.12
mnist,mnist2x256%%ind6084_tar4_eps0.01
mnist,mnist2x256%%ind62_tar6_eps0.03
mnist,mnist2x256%%ind631_tar6_eps0.03
mnist,mnist2x256%%ind6320_tar3_eps0.06
mnist,mnist2x256%%ind6340_tar6_eps0.12
mnist,mnist2x256%%ind6451_tar3_eps0.01
mnist,mnist2x256%%ind6655_tar0_eps0.12
mnist,mnist2x256%%ind6765_tar4_eps0.09
mnist,mnist2x256%%ind6852_tar0_eps0.12
mnist,mnist2x256%%ind6915_tar7_eps0.09
mnist,mnist2x256%%ind7015_tar5_eps0.15
mnist,mnist2x256%%ind7085_tar6_eps0.06
mnist,mnist2x256%%ind7163_tar7_eps0.03
mnist,mnist2x256%%ind7448_tar7_eps0.06
mnist,mnist2x256%%ind746_tar4_eps0.09
mnist,mnist2x256%%ind7472_tar9_eps0.15
mnist,mnist2x256%%ind7919_tar1_eps0.06
mnist,mnist2x256%%ind7945_tar3_eps0.06
mnist,mnist2x256%%ind8173_tar0_eps0.06
mnist,mnist2x256%%ind8225_tar3_eps0.01
mnist,mnist2x256%%ind8250_tar7_eps0.15
mnist,mnist2x256%%ind8428_tar4_eps0.15
mnist,mnist2x256%%ind868_tar4_eps0.09
mnist,mnist2x256%%ind898_tar3_eps0.01
mnist,mnist2x256%%ind8996_tar7_eps0.06
mnist,mnist2x256%%ind9005_tar9_eps0.15
mnist,mnist2x256%%ind9039_tar2_eps0.03
mnist,mnist2x256%%ind9229_tar5_eps0.15
mnist,mnist2x256%%ind9394_tar6_eps0.01
mnist,mnist2x256%%ind9567_tar6_eps0.12
mnist,mnist2x256%%ind959_tar1_eps0.15
mnist,mnist2x256%%ind9620_tar4_eps0.09
mnist,mnist2x256%%ind9667_tar6_eps0.15
mnist,mnist2x256%%ind9783_tar3_eps0.09
mnist,mnist2x256%%ind9919_tar2_eps0.06
mnist,mnist4x256%%ind1090_tar6_eps0.15
mnist,mnist4x256%%ind1190_tar4_eps0.03
mnist,mnist4x256%%ind1249_tar4_eps0.01
mnist,mnist4x256%%ind1307_tar2_eps0.06
mnist,mnist4x256%%ind1487_tar1_eps0.06
mnist,mnist4x256%%ind1546_tar9_eps0.12
mnist,mnist4x256%%ind1665_tar2_eps0.03
mnist,mnist4x256%%ind1668_tar7_eps0.06
mnist,mnist4x256%%ind1792_tar2_eps0.09
mnist,mnist4x256%%ind1801_tar3_eps0.09
mnist,mnist4x256%%ind1830_tar6_eps0.06
mnist,mnist4x256%%ind1843_tar7_eps0.15
mnist,mnist4x256%%ind2108_tar4_eps0.06
mnist,mnist4x256%%ind2144_tar3_eps0.03
mnist,mnist4x256%%ind2256_tar1_eps0.15
mnist,mnist4x256%%ind2300_tar4_eps0.09
mnist,mnist4x256%%ind239_tar7_eps0.09
mnist,mnist4x256%%ind2519_tar0_eps0.06
mnist,mnist4x256%%ind2566_tar1_eps0.15
mnist,mnist4x256%%ind2685_tar4_eps0.03
mnist,mnist4x256%%ind2942_tar7_eps0.03
mnist,mnist4x256%%ind2955_tar8_eps0.12
mnist,mnist4x256%%ind3274_tar0_eps0.01
mnist,mnist4x256%%ind3485_tar4_eps0.12
mnist,mnist4x256%%ind3551_tar6_eps0.12
mnist,mnist4x256%%ind3566_tar5_eps0.15
mnist,mnist4x256%%ind3581_tar3_eps0.03
mnist,mnist4x256%%ind3674_tar9_eps0.06
mnist,mnist4x256%%ind378_tar5_eps0.03
mnist,mnist4x256%%ind3914_tar7_eps0.03
mnist,mnist4x256%%ind3962_tar5_eps0.15
mnist,mnist4x256%%ind4572_tar3_eps0.15
mnist,mnist4x256%%ind4579_tar1_eps0.03
mnist,mnist4x256%%ind4762_tar6_eps0.12
mnist,mnist4x256%%ind4859_tar7_eps0.01
mnist,mnist4x256%%ind5096_tar1_eps0.12
mnist,mnist4x256%%ind5490_tar5_eps0.12
mnist,mnist4x256%%ind5551_tar5_eps0.06
mnist,mnist4x256%%ind5616_tar4_eps0.09
mnist,mnist4x256%%ind5654_tar2_eps0.09
mnist,mnist4x256%%ind5658_tar9_eps0.06
mnist,mnist4x256%%ind5936_tar7_eps0.09
mnist,mnist4x256%%ind615_tar5_eps0.15
mnist,mnist4x256%%ind6214_tar2_eps0.01
mnist,mnist4x256%%ind6294_tar4_eps0.06
mnist,mnist4x256%%ind6317_tar3_eps0.01
mnist,mnist4x256%%ind6343_tar2_eps0.09
mnist,mnist4x256%%ind6356_tar6_eps0.09
mnist,mnist4x256%%ind6504_tar4_eps0.12
mnist,mnist4x256%%ind6518_tar4_eps0.15
mnist,mnist4x256%%ind654_tar1_eps0.12
mnist,mnist4x256%%ind6569_tar4_eps0.03
mnist,mnist4x256%%ind667_tar0_eps0.09
mnist,mnist4x256%%ind675_tar2_eps0.15
mnist,mnist4x256%%ind6785_tar6_eps0.15
mnist,mnist4x256%%ind6957_tar4_eps0.01
mnist,mnist4x256%%ind7055_tar5_eps0.09
mnist,mnist4x256%%ind7250_tar5_eps0.15
mnist,mnist4x256%%ind7377_tar6_eps0.15
mnist,mnist4x256%%ind7424_tar2_eps0.01
mnist,mnist4x256%%ind7522_tar3_eps0.03
mnist,mnist4x256%%ind7612_tar0_eps0.09
mnist,mnist4x256%%ind7625_tar3_eps0.15
mnist,mnist4x256%%ind7656_tar1_eps0.12
mnist,mnist4x256%%ind7767_tar1_eps0.01
mnist,mnist4x256%%ind7876_tar7_eps0.12
mnist,mnist4x256%%ind8050_tar7_eps0.03
mnist,mnist4x256%%ind8066_tar0_eps0.01
mnist,mnist4x256%%ind8212_tar7_eps0.06
mnist,mnist4x256%%ind8291_tar9_eps0.09
mnist,mnist4x256%%ind8545_tar6_eps0.01
mnist,mnist4x256%%ind8660_tar5_eps0.06
mnist,mnist4x256%%ind8691_tar4_eps0.01
mnist,mnist4x256%%ind8857_tar2_eps0.12
mnist,mnist4x256%%ind8951_tar7_eps0.12
mnist,mnist4x256%%ind9084_tar0_eps0.01
mnist,mnist4x256%%ind9138_tar0_eps0.01
mnist,mnist4x256%%ind9212_tar8_eps0.03
mnist,mnist4x256%%ind922_tar0_eps0.01
mnist,mnist4x256%%ind9315_tar1_eps0.09
mnist,mnist4x256%%ind9341_tar6_eps0.03
mnist,mnist4x256%%ind934_tar9_eps0.06
mnist,mnist4x256%%ind945_tar8_eps0.01
mnist,mnist4x256%%ind9465_tar1_eps0.03
mnist,mnist4x256%%ind9492_tar7_eps0.06
mnist,mnist4x256%%ind950_tar6_eps0.06
mnist,mnist4x256%%ind9640_tar1_eps0.12
mnist,mnist4x256%%ind9696_tar4_eps0.12
mnist,mnist4x256%%ind9805_tar7_eps0.15
mnist,mnist4x256%%ind9989_tar2_eps0.09
mnist,mnist6x256%%ind1276_tar3_eps0.09
mnist,mnist6x256%%ind1346_tar9_eps0.03
mnist,mnist6x256%%ind1390_tar7_eps0.09
mnist,mnist6x256%%ind1549_tar2_eps0.12
mnist,mnist6x256%%ind1722_tar3_eps0.01
mnist,mnist6x256%%ind1898_tar1_eps0.06
mnist,mnist6x256%%ind1931_tar7_eps0.03
mnist,mnist6x256%%ind2143_tar8_eps0.12
mnist,mnist6x256%%ind2160_tar3_eps0.06
mnist,mnist6x256%%ind2162_tar6_eps0.15
mnist,mnist6x256%%ind2184_tar0_eps0.01
mnist,mnist6x256%%ind2184_tar4_eps0.09
mnist,mnist6x256%%ind2242_tar4_eps0.01
mnist,mnist6x256%%ind2301_tar4_eps0.03
mnist,mnist6x256%%ind2398_tar8_eps0.01
mnist,mnist6x256%%ind2532_tar5_eps0.12
mnist,mnist6x256%%ind260_tar5_eps0.03
mnist,mnist6x256%%ind2665_tar4_eps0.06
mnist,mnist6x256%%ind2812_tar1_eps0.12
mnist,mnist6x256%%ind2944_tar2_eps0.06
mnist,mnist6x256%%ind2992_tar4_eps0.03
mnist,mnist6x256%%ind3341_tar9_eps0.01
mnist,mnist6x256%%ind3533_tar5_eps0.12
mnist,mnist6x256%%ind3597_tar7_eps0.06
mnist,mnist6x256%%ind3796_tar0_eps0.01
mnist,mnist6x256%%ind3812_tar8_eps0.03
mnist,mnist6x256%%ind3892_tar0_eps0.09
mnist,mnist6x256%%ind4036_tar2_eps0.09
mnist,mnist6x256%%ind4224_tar1_eps0.06
mnist,mnist6x256%%ind4282_tar5_eps0.01
mnist,mnist6x256%%ind4483_tar1_eps0.09
mnist,mnist6x256%%ind4690_tar3_eps0.03
mnist,mnist6x256%%ind4993_tar3_eps0.12
mnist,mnist6x256%%ind5004_tar9_eps0.15
mnist,mnist6x256%%ind5057_tar7_eps0.01
mnist,mnist6x256%%ind5132_tar3_eps0.03
mnist,mnist6x256%%ind515_tar5_eps0.15
mnist,mnist6x256%%ind5370_tar0_eps0.15
mnist,mnist6x256%%ind5393_tar1_eps0.03
mnist,mnist6x256%%ind5537_tar6_eps0.15
mnist,mnist6x256%%ind5655_tar5_eps0.06
mnist,mnist6x256%%ind5780_tar6_eps0.09
mnist,mnist6x256%%ind5786_tar7_eps0.03
mnist,mnist6x256%%ind5788_tar1_eps0.09
mnist,mnist6x256%%ind5959_tar2_eps0.12
mnist,mnist6x256%%ind5989_tar5_eps0.09
mnist,mnist6x256%%ind604_tar4_eps0.15
mnist,mnist6x256%%ind6176_tar2_eps0.03
mnist,mnist6x256%%ind6265_tar3_eps0.03
mnist,mnist6x256%%ind6266_tar6_eps0.01
mnist,mnist6x256%%ind6342_tar2_eps0.06
mnist,mnist6x256%%ind6366_tar0_eps0.06
mnist,mnist6x256%%ind6412_tar6_eps0.15
mnist,mnist6x256%%ind6477_tar0_eps0.15
mnist,mnist6x256%%ind6501_tar1_eps0.12
mnist,mnist6x256%%ind674_tar8_eps0.06
mnist,mnist6x256%%ind6831_tar4_eps0.12
mnist,mnist6x256%%ind6953_tar5_eps0.01
mnist,mnist6x256%%ind6970_tar6_eps0.15
mnist,mnist6x256%%ind7294_tar9_eps0.09
mnist,mnist6x256%%ind729_tar0_eps0.12
mnist,mnist6x256%%ind7433_tar4_eps0.06
mnist,mnist6x256%%ind7447_tar3_eps0.09
mnist,mnist6x256%%ind7481_tar0_eps0.15
mnist,mnist6x256%%ind7566_tar3_eps0.15
mnist,mnist6x256%%ind7792_tar5_eps0.03
mnist,mnist6x256%%ind7840_tar7_eps0.15
mnist,mnist6x256%%ind8018_tar0_eps0.01
mnist,mnist6x256%%ind8044_tar1_eps0.09
mnist,mnist6x256%%ind8192_tar7_eps0.12
mnist,mnist6x256%%ind8285_tar4_eps0.15
mnist,mnist6x256%%ind8364_tar0_eps0.01
mnist,mnist6x256%%ind8398_tar1_eps0.06
mnist,mnist6x256%%ind8409_tar0_eps0.12
mnist,mnist6x256%%ind8480_tar8_eps0.09
mnist,mnist6x256%%ind8520_tar9_eps0.06
mnist,mnist6x256%%ind8587_tar1_eps0.09
mnist,mnist6x256%%ind8681_tar4_eps0.01
mnist,mnist6x256%%ind9045_tar2_eps0.12
mnist,mnist6x256%%ind9227_tar7_eps0.15
mnist,mnist6x256%%ind92_tar5_eps0.06
mnist,mnist6x256%%ind931_tar8_eps0.12
mnist,mnist6x256%%ind9491_tar9_eps0.03
mnist,mnist6x256%%ind9512_tar7_eps0.15
mnist,mnist6x256%%ind9513_tar2_eps0.06
mnist,mnist6x256%%ind9563_tar1_eps0.03
mnist,mnist6x256%%ind980_tar5_eps0.09
mnist,mnist6x256%%ind9900_tar9_eps0.01
mnist,mnist6x256%%ind9909_tar6_eps0.01
mnist,mnist6x256%%ind9998_tar0_eps0.12
taxi,32x16_688%%ind10115_eps0.06_delta2.0
taxi,32x16_688%%ind1047_eps0.03_delta2.0
taxi,32x16_688%%ind10672_eps0.03_delta6.0
taxi,32x16_688%%ind11023_eps0.03_delta2.0
taxi,32x16_688%%ind11525_eps0.01_delta2.0
taxi,32x16_688%%ind11568_eps0.06_delta6.0
taxi,32x16_688%%ind11783_eps0.06_delta6.0
taxi,32x16_688%%ind12346_eps0.06_delta2.0
taxi,32x16_688%%ind12443_eps0.06_delta6.0
taxi,32x16_688%%ind13085_eps0.03_delta2.0
taxi,32x16_688%%ind13371_eps0.03_delta6.0
taxi,32x16_688%%ind13415_eps0.01_delta2.0
taxi,32x16_688%%ind13672_eps0.01_delta2.0
taxi,32x16_688%%ind13849_eps0.06_delta2.0
taxi,32x16_688%%ind14137_eps0.03_delta6.0
taxi,32x16_688%%ind14491_eps0.03_delta2.0
taxi,32x16_688%%ind14529_eps0.03_delta2.0
taxi,32x16_688%%ind15530_eps0.03_delta2.0
taxi,32x16_688%%ind15670_eps0.01_delta6.0
taxi,32x16_688%%ind1575_eps0.01_delta6.0
taxi,32x16_688%%ind15925_eps0.01_delta6.0
taxi,32x16_688%%ind15991_eps0.01_delta6.0
taxi,32x16_688%%ind1607_eps0.03_delta6.0
taxi,32x16_688%%ind1624_eps0.01_delta2.0
taxi,32x16_688%%ind16643_eps0.01_delta2.0
taxi,32x16_688%%ind17335_eps0.06_delta6.0
taxi,32x16_688%%ind17512_eps0.06_delta2.0
taxi,32x16_688%%ind17556_eps0.06_delta2.0
taxi,32x16_688%%ind17730_eps0.03_delta6.0
taxi,32x16_688%%ind17956_eps0.01_delta6.0
taxi,32x16_688%%ind18002_eps0.06_delta6.0
taxi,32x16_688%%ind18116_eps0.03_delta2.0
taxi,32x16_688%%ind1814_eps0.01_delta6.0
taxi,32x16_688%%ind18309_eps0.06_delta2.0
taxi,32x16_688%%ind18527_eps0.06_delta2.0
taxi,32x16_688%%ind18550_eps0.01_delta2.0
taxi,32x16_688%%ind18791_eps0.01_delta6.0
taxi,32x16_688%%ind18827_eps0.01_delta2.0
taxi,32x16_688%%ind1898_eps0.06_delta2.0
taxi,32x16_688%%ind19117_eps0.01_delta2.0
taxi,32x16_688%%ind19134_eps0.01_delta2.0
taxi,32x16_688%%ind1920_eps0.01_delta6.0
taxi,32x16_688%%ind19247_eps0.06_delta6.0
taxi,32x16_688%%ind19276_eps0.06_delta6.0
taxi,32x16_688%%ind19558_eps0.06_delta6.0
taxi,32x16_688%%ind19734_eps0.01_delta6.0
taxi,32x16_688%%ind19765_eps0.03_delta2.0
taxi,32x16_688%%ind19930_eps0.03_delta6.0
taxi,32x16_688%%ind2273_eps0.03_delta6.0
taxi,32x16_688%%ind230_eps0.01_delta2.0
taxi,32x16_688%%ind2810_eps0.06_delta2.0
taxi,32x16_688%%ind295_eps0.01_delta6.0
taxi,32x16_688%%ind3148_eps0.01_delta2.0
taxi,32x16_688%%ind3297_eps0.01_delta6.0
taxi,32x16_688%%ind332_eps0.03_delta2.0
taxi,32x16_688%%ind3570_eps0.03_delta2.0
taxi,32x16_688%%ind3798_eps0.06_delta2.0
taxi,32x16_688%%ind3907_eps0.06_delta2.0
taxi,32x16_688%%ind405_eps0.03_delta2.0
taxi,32x16_688%%ind4530_eps0.03_delta6.0
taxi,32x16_688%%ind4623_eps0.01_delta2.0
taxi,32x16_688%%ind4981_eps0.01_delta2.0
taxi,32x16_688%%ind5228_eps0.01_delta2.0
taxi,32x16_688%%ind5306_eps0.01_delta2.0
taxi,32x16_688%%ind5478_eps0.01_delta6.0
taxi,32x16_688%%ind5853_eps0.06_delta2.0
taxi,32x16_688%%ind6279_eps0.06_delta2.0
taxi,32x16_688%%ind6575_eps0.03_delta6.0
taxi,32x16_688%%ind6611_eps0.06_delta6.0
taxi,32x16_688%%ind7096_eps0.06_delta6.0
taxi,32x16_688%%ind7394_eps0.03_delta2.0
taxi,32x16_688%%ind7411_eps0.01_delta6.0
taxi,32x16_688%%ind7421_eps0.03_delta6.0
taxi,32x16_688%%ind7483_eps0.06_delta6.0
taxi,32x16_688%%ind7564_eps0.06_delta6.0
taxi,32x16_688%%ind7586_eps0.03_delta6.0
taxi,32x16_688%%ind7742_eps0.03_delta6.0
taxi,32x16_688%%ind776_eps0.06_delta2.0
taxi,32x16_688%%ind7818_eps0.01_delta6.0
taxi,32x16_688%%ind786_eps0.06_delta6.0
taxi,32x16_688%%ind7979_eps0.03_delta6.0
taxi,32x16_688%%ind8021_eps0.06_delta6.0
taxi,32x16_688%%ind825_eps0.06_delta2.0
taxi,32x16_688%%ind8264_eps0.03_delta6.0
taxi,32x16_688%%ind916_eps0.03_delta6.0
taxi,32x16_688%%ind9317_eps0.01_delta6.0
taxi,32x16_688%%ind9338_eps0.06_delta6.0
taxi,32x16_688%%ind9435_eps0.03_delta2.0
taxi,32x16_688%%ind9507_eps0.03_delta2.0
taxi,32x16_688%%ind9845_eps0.03_delta2.0
taxi,64x32_2752%%ind10334_eps0.03_delta6.0
taxi,64x32_2752%%ind10496_eps0.06_delta2.0
taxi,64x32_2752%%ind10594_eps0.01_delta6.0
taxi,64x32_2752%%ind10858_eps0.01_delta2.0
taxi,64x32_2752%%ind10915_eps0.06_delta2.0
taxi,64x32_2752%%ind10996_eps0.01_delta2.0
taxi,64x32_2752%%ind11084_eps0.06_delta2.0
taxi,64x32_2752%%ind11190_eps0.01_delta2.0
taxi,64x32_2752%%ind11754_eps0.06_delta2.0
taxi,64x32_2752%%ind12362_eps0.06_delta6.0
taxi,64x32_2752%%ind12374_eps0.06_delta2.0
taxi,64x32_2752%%ind12443_eps0.01_delta2.0
taxi,64x32_2752%%ind12617_eps0.03_delta2.0
taxi,64x32_2752%%ind12618_eps0.06_delta6.0
taxi,64x32_2752%%ind12763_eps0.01_delta6.0
taxi,64x32_2752%%ind12943_eps0.03_delta2.0
taxi,64x32_2752%%ind13342_eps0.01_delta6.0
taxi,64x32_2752%%ind13406_eps0.06_delta6.0
taxi,64x32_2752%%ind13435_eps0.01_delta6.0
taxi,64x32_2752%%ind13531_eps0.03_delta6.0
taxi,64x32_2752%%ind13817_eps0.01_delta6.0
taxi,64x32_2752%%ind1431_eps0.01_delta2.0
taxi,64x32_2752%%ind14653_eps0.03_delta2.0
taxi,64x32_2752%%ind150_eps0.06_delta2.0
taxi,64x32_2752%%ind15183_eps0.06_delta6.0
taxi,64x32_2752%%ind15227_eps0.03_delta6.0
taxi,64x32_2752%%ind16042_eps0.06_delta6.0
taxi,64x32_2752%%ind1612_eps0.03_delta6.0
taxi,64x32_2752%%ind16217_eps0.06_delta6.0
taxi,64x32_2752%%ind16242_eps0.03_delta2.0
taxi,64x32_2752%%ind1627_eps0.01_delta6.0
taxi,64x32_2752%%ind16368_eps0.03_delta2.0
taxi,64x32_2752%%ind16667_eps0.06_delta6.0
taxi,64x32_2752%%ind17035_eps0.03_delta2.0
taxi,64x32_2752%%ind1713_eps0.03_delta2.0
taxi,64x32_2752%%ind17409_eps0.06_delta2.0
taxi,64x32_2752%%ind17410_eps0.01_delta2.0
taxi,64x32_2752%%ind1742_eps0.03_delta6.0
taxi,64x32_2752%%ind17877_eps0.03_delta2.0
taxi,64x32_2752%%ind1796_eps0.01_delta6.0
taxi,64x32_2752%%ind17970_eps0.06_delta6.0
taxi,64x32_2752%%ind18050_eps0.03_delta2.0
taxi,64x32_2752%%ind18087_eps0.06_delta6.0
taxi,64x32_2752%%ind18159_eps0.06_delta6.0
taxi,64x32_2752%%ind18223_eps0.03_delta2.0
taxi,64x32_2752%%ind18419_eps0.03_delta2.0
taxi,64x32_2752%%ind18605_eps0.01_delta2.0
taxi,64x32_2752%%ind1869_eps0.01_delta6.0
taxi,64x32_2752%%ind19311_eps0.03_delta6.0
taxi,64x32_2752%%ind19344_eps0.01_delta2.0
taxi,64x32_2752%%ind19471_eps0.06_delta6.0
taxi,64x32_2752%%ind19479_eps0.01_delta2.0
taxi,64x32_2752%%ind19598_eps0.01_delta6.0
taxi,64x32_2752%%ind19757_eps0.06_delta6.0
taxi,64x32_2752%%ind19783_eps0.03_delta6.0
taxi,64x32_2752%%ind2057_eps0.06_delta2.0
taxi,64x32_2752%%ind2256_eps0.03_delta6.0
taxi,64x32_2752%%ind2498_eps0.01_delta2.0
taxi,64x32_2752%%ind2849_eps0.06_delta2.0
taxi,64x32_2752%%ind299_eps0.01_delta2.0
taxi,64x32_2752%%ind3069_eps0.03_delta6.0
taxi,64x32_2752%%ind332_eps0.01_delta6.0
taxi,64x32_2752%%ind3516_eps0.03_delta6.0
taxi,64x32_2752%%ind3526_eps0.01_delta6.0
taxi,64x32_2752%%ind3535_eps0.01_delta6.0
taxi,64x32_2752%%ind5210_eps0.03_delta2.0
taxi,64x32_2752%%ind5223_eps0.06_delta2.0
taxi,64x32_2752%%ind5291_eps0.03_delta6.0
taxi,64x32_2752%%ind5561_eps0.03_delta6.0
taxi,64x32_2752%%ind5598_eps0.03_delta6.0
taxi,64x32_2752%%ind582_eps0.01_delta6.0
taxi,64x32_2752%%ind587_eps0.06_delta6.0
taxi,64x32_2752%%ind6178_eps0.06_delta6.0
taxi,64x32_2752%%ind6319_eps0.01_delta2.0
taxi,64x32_2752%%ind6605_eps0.03_delta2.0
taxi,64x32_2752%%ind6697_eps0.01_delta6.0
taxi,64x32_2752%%ind7165_eps0.03_delta6.0
taxi,64x32_2752%%ind7492_eps0.01_delta2.0
taxi,64x32_2752%%ind7700_eps0.01_delta6.0
taxi,64x32_2752%%ind8084_eps0.06_delta2.0
taxi,64x32_2752%%ind8467_eps0.06_delta2.0
taxi,64x32_2752%%ind8542_eps0.03_delta2.0
taxi,64x32_2752%%ind8558_eps0.03_delta2.0
taxi,64x32_2752%%ind8829_eps0.06_delta2.0
taxi,64x32_2752%%ind9074_eps0.06_delta2.0
taxi,64x32_2752%%ind9556_eps0.06_delta2.0
taxi,64x32_2752%%ind9559_eps0.03_delta6.0
taxi,64x32_2752%%ind9609_eps0.06_delta6.0
taxi,64x32_2752%%ind9688_eps0.01_delta2.0
taxi,64x32_2752%%ind9902_eps0.01_delta2.0
taxi,KJ_64x32_2048%%ind10151_eps0.01_delta6.0
taxi,KJ_64x32_2048%%ind1018_eps0.06_delta6.0
taxi,KJ_64x32_2048%%ind10311_eps0.06_delta6.0
taxi,KJ_64x32_2048%%ind10543_eps0.01_delta2.0
taxi,KJ_64x32_2048%%ind10931_eps0.06_delta2.0
taxi,KJ_64x32_2048%%ind11399_eps0.03_delta2.0
taxi,KJ_64x32_2048%%ind11533_eps0.03_delta6.0
taxi,KJ_64x32_2048%%ind11678_eps0.01_delta6.0
taxi,KJ_64x32_2048%%ind12030_eps0.01_delta2.0
taxi,KJ_64x32_2048%%ind12149_eps0.01_delta6.0
taxi,KJ_64x32_2048%%ind12873_eps0.01_delta2.0
taxi,KJ_64x32_2048%%ind12984_eps0.01_delta6.0
taxi,KJ_64x32_2048%%ind13057_eps0.06_delta2.0
taxi,KJ_64x32_2048%%ind130_eps0.03_delta2.0
taxi,KJ_64x32_2048%%ind13160_eps0.06_delta2.0
taxi,KJ_64x32_2048%%ind14273_eps0.06_delta6.0
taxi,KJ_64x32_2048%%ind14316_eps0.01_delta2.0
taxi,KJ_64x32_2048%%ind14390_eps0.03_delta6.0
taxi,KJ_64x32_2048%%ind14973_eps0.01_delta2.0
taxi,KJ_64x32_2048%%ind15138_eps0.01_delta2.0
taxi,KJ_64x32_2048%%ind15225_eps0.06_delta2.0
taxi,KJ_64x32_2048%%ind15252_eps0.03_delta2.0
taxi,KJ_64x32_2048%%ind15462_eps0.03_delta6.0
taxi,KJ_64x32_2048%%ind1580_eps0.06_delta6.0
taxi,KJ_64x32_2048%%ind15826_eps0.06_delta6.0
taxi,KJ_64x32_2048%%ind15959_eps0.03_delta6.0
taxi,KJ_64x32_2048%%ind16098_eps0.03_delta2.0
taxi,KJ_64x32_2048%%ind16465_eps0.03_delta2.0
taxi,KJ_64x32_2048%%ind16516_eps0.01_delta2.0
taxi,KJ_64x32_2048%%ind1686_eps0.01_delta6.0
taxi,KJ_64x32_2048%%ind16930_eps0.06_delta6.0
taxi,KJ_64x32_2048%%ind17054_eps0.01_delta2.0
taxi,KJ_64x32_2048%%ind17200_eps0.06_delta2.0
taxi,KJ_64x32_2048%%ind17386_eps0.03_delta2.0
taxi,KJ_64x32_2048%%ind17525_eps0.06_delta6.0
taxi,KJ_64x32_2048%%ind17533_eps0.06_delta2.0
taxi,KJ_64x32_2048%%ind17953_eps0.03_delta6.0
taxi,KJ_64x32_2048%%ind18759_eps0.06_delta6.0
taxi,KJ_64x32_2048%%ind19047_eps0.01_delta2.0
taxi,KJ_64x32_2048%%ind19238_eps0.01_delta6.0
taxi,KJ_64x32_2048%%ind19245_eps0.06_delta2.0
taxi,KJ_64x32_2048%%ind19273_eps0.06_delta2.0
taxi,KJ_64x32_2048%%ind19667_eps0.01_delta2.0
taxi,KJ_64x32_2048%%ind199_eps0.01_delta6.0
taxi,KJ_64x32_2048%%ind2144_eps0.03_delta6.0
taxi,KJ_64x32_2048%%ind2271_eps0.03_delta6.0
taxi,KJ_64x32_2048%%ind2643_eps0.01_delta6.0
taxi,KJ_64x32_2048%%ind3032_eps0.03_delta2.0
taxi,KJ_64x32_2048%%ind3099_eps0.06_delta6.0
taxi,KJ_64x32_2048%%ind3113_eps0.03_delta6.0
taxi,KJ_64x32_2048%%ind3137_eps0.01_delta2.0
taxi,KJ_64x32_2048%%ind3318_eps0.03_delta6.0
taxi,KJ_64x32_2048%%ind3437_eps0.03_delta2.0
taxi,KJ_64x32_2048%%ind3461_eps0.06_delta6.0
taxi,KJ_64x32_2048%%ind350_eps0.01_delta6.0
taxi,KJ_64x32_2048%%ind3792_eps0.06_delta6.0
taxi,KJ_64x32_2048%%ind3845_eps0.03_delta2.0
taxi,KJ_64x32_2048%%ind3980_eps0.01_delta6.0
taxi,KJ_64x32_2048%%ind4168_eps0.01_delta2.0
taxi,KJ_64x32_2048%%ind4403_eps0.06_delta6.0
taxi,KJ_64x32_2048%%ind4461_eps0.01_delta6.0
taxi,KJ_64x32_2048%%ind4610_eps0.06_delta2.0
taxi,KJ_64x32_2048%%ind4690_eps0.06_delta2.0
taxi,KJ_64x32_2048%%ind4724_eps0.03_delta2.0
taxi,KJ_64x32_2048%%ind4965_eps0.03_delta2.0
taxi,KJ_64x32_2048%%ind498_eps0.03_delta6.0
taxi,KJ_64x32_2048%%ind5126_eps0.06_delta6.0
taxi,KJ_64x32_2048%%ind5616_eps0.03_delta6.0
taxi,KJ_64x32_2048%%ind5710_eps0.06_delta2.0
taxi,KJ_64x32_2048%%ind5769_eps0.03_delta2.0
taxi,KJ_64x32_2048%%ind5965_eps0.06_delta2.0
taxi,KJ_64x32_2048%%ind6210_eps0.01_delta6.0
taxi,KJ_64x32_2048%%ind6267_eps0.03_delta2.0
taxi,KJ_64x32_2048%%ind6340_eps0.01_delta6.0
taxi,KJ_64x32_2048%%ind6372_eps0.01_delta2.0
taxi,KJ_64x32_2048%%ind6706_eps0.01_delta6.0
taxi,KJ_64x32_2048%%ind6931_eps0.06_delta6.0
taxi,KJ_64x32_2048%%ind6954_eps0.03_delta2.0
taxi,KJ_64x32_2048%%ind7290_eps0.06_delta2.0
taxi,KJ_64x32_2048%%ind7386_eps0.01_delta2.0
taxi,KJ_64x32_2048%%ind7553_eps0.06_delta2.0
taxi,KJ_64x32_2048%%ind765_eps0.03_delta2.0
taxi,KJ_64x32_2048%%ind793_eps0.03_delta6.0
taxi,KJ_64x32_2048%%ind8201_eps0.03_delta6.0
taxi,KJ_64x32_2048%%ind8453_eps0.03_delta6.0
taxi,KJ_64x32_2048%%ind8834_eps0.01_delta2.0
taxi,KJ_64x32_2048%%ind9014_eps0.03_delta6.0
taxi,KJ_64x32_2048%%ind9578_eps0.06_delta6.0
taxi,KJ_64x32_2048%%ind9798_eps0.06_delta2.0
taxi,KJ_64x32_2048%%ind9865_eps0.01_delta6.0
